Workbook

Sheet Master Checklist
A1: Production RAG Engineering — Milestone Tracker
A2: Goal: Build the architecture in the supplied RAG diagram from fundamentals → production-grade RAG → enterprise/agentic evolution.
A4: ID | B4: Major Component | C4: Milestone | D4: Primary Deliverable | E4: Python | F4: TypeScript | G4: Status | H4: Progress % | I4: Dependencies | J4: Notes
A5: M0 | B5: Foundation | C5: Project foundation & engineering standards | D5: Repo structure, environments, config, logging, errors, typing, linting, tests, CI baseline | E5: Primary | F5: Secondary | G5: Not Started | H5: 0 | I5: - | J5: Production-quality baseline from day one
A6: M1 | B6: Ingestion & Indexing | C6: Data Sources | D6: Local PDF/DOCX/TXT + web pages; normalized source contract | E6: Primary | F6: Secondary | G6: Not Started | H6: 0 | I6: M0 | J6: At least 2 source implementations
A7: M2 | B7: Ingestion & Indexing | C7: Connectors | D7: File connector + web connector; connector interface and retries | E7: Primary | F7: Secondary | G7: Not Started | H7: 0 | I7: M1 | J7: Connector abstraction
A8: M3 | B8: Ingestion & Indexing | C8: Parsing & Extraction | D8: Document text extraction + HTML extraction; metadata model | E8: Primary | F8: Secondary | G8: Not Started | H8: 0 | I8: M2 | J8: Add OCR/table extraction later
A9: M4 | B9: Ingestion & Indexing | C9: Chunking | D9: Recursive/fixed chunking + semantic chunking; chunk metadata | E9: Primary | F9: Secondary | G9: Not Started | H9: 0 | I9: M3 | J9: Benchmark chunk strategies
A10: M5 | B10: Ingestion & Indexing | C10: Embedding Generation | D10: Cloud embedding + local embedding; provider abstraction | E10: Primary | F10: Secondary | G10: Not Started | H10: 0 | I10: M4 | J10: Compare quality/cost/latency
A11: M6 | B11: Ingestion & Indexing | C11: Indexing & Storage | D11: Vector index + keyword/BM25 index + document/chunk/object storage | E11: Primary | F11: Secondary | G11: Not Started | H11: 0 | I11: M5 | J11: Idempotent indexing
A12: M7 | B12: Retrieval & Generation | C12: User Query | D12: API/query contract, validation, request IDs, query lifecycle | E12: Primary | F12: Primary | G12: Not Started | H12: 0 | I12: M6 | J12: TS becomes relevant for API layer
A13: M8 | B13: Retrieval & Generation | C13: Query Understanding | D13: Preprocessing + intent detection + query rewriting + query embeddings | E13: Primary | F13: Secondary | G13: Not Started | H13: 0 | I13: M7 | J13: Compare simple vs LLM-assisted rewriting
A14: M9 | B14: Retrieval & Generation | C14: Hybrid Retrieval | D14: Vector + keyword retrieval; fusion, filtering, deduplication | E14: Primary | F14: Secondary | G14: Not Started | H14: 0 | I14: M8 | J14: Measure Recall@K
A15: M10 | B15: Retrieval & Generation | C15: Reranking | D15: Cross-encoder/reranker integration + top-K optimization | E15: Primary | F15: Secondary | G15: Not Started | H15: 0 | I15: M9 | J15: Measure retrieval lift
A16: M11 | B16: Retrieval & Generation | C16: Context Assembly | D16: Prompt template + context packing + token budgeting + source tracking | E16: Primary | F16: Primary | G16: Not Started | H16: 0 | I16: M10 | J16: Prevent context overflow
... A31: M26 | B31: Agentic Evolution | C31: RAG + Agents | D31: Tool use, MCP/A2A integration, agent routing and governed actions | E31: Primary | F31: Primary | G31: Not Started | H31: 0 | I31: M25 | J31: Connect to Agent Engineering phase

Sheet Detailed Plan
A1: Detailed Task Breakdown
A3: Milestone | B3: Step | C3: Task | D3: Implementation / Experiment A | E3: Implementation / Experiment B | F3: Production Engineering Focus | G3: Exit Criteria | H3: Status
A4: M0 | B4: Foundation | C4: Repository & package structure | D4: Python package + tests | E4: TypeScript package + tests | F4: Layered architecture, dependency direction | G4: Both projects build and test cleanly | H4: Not Started
A5: M0 | B5: Foundation | C5: Engineering standards | D5: ruff/pytest/mypy-style checks | E5: eslint/prettier/tsc/vitest | F5: Typing, linting, formatting, test standards | G5: CI-quality local checks | H5: Not Started
A6: M0 | B6: Foundation | C6: Configuration & secrets | D6: Typed settings + .env separation | E6: Typed config + environment validation | F6: No secrets in source; fail-fast config | G6: Invalid config fails safely | H6: Not Started
A7: M1 | B7: Data Sources | C7: Local files | D7: PDF/DOCX/TXT corpus | E7: File ingestion in Node | F7: Normalized SourceDocument contract | G7: Multiple file types ingested | H7: Not Started
A8: M1 | B8: Data Sources | C8: Web pages | D8: URL fetch + HTML source | E8: Node fetch + HTML source | F8: Timeouts, retries, size limits | G8: Web page becomes normalized document | H8: Not Started
A9: M2 | B9: Connectors | C9: Connector abstraction | D9: FileConnector interface | E9: WebConnector interface | F9: Interfaces, contracts, retry policy | G9: Connectors swappable | H9: Not Started
A10: M3 | B10: Parsing | C10: Document extraction | D10: PDF/DOCX/TXT extraction | E10: HTML extraction | F10: Parser errors + provenance | G10: Text + metadata produced | H10: Not Started
A11: M3 | B11: Parsing | C11: Structured content | D11: Table extraction | E11: HTML tables | F11: Preserve structure where useful | G11: Tables represented safely | H11: Not Started
A12: M4 | B12: Chunking | C12: Fixed/recursive chunking | D12: Character/token based | E12: Equivalent TS implementation | F12: Deterministic chunk IDs | G12: Repeatable chunks | H12: Not Started
A13: M4 | B13: Chunking | C13: Semantic chunking | D13: Embedding/similarity boundary method | E13: Equivalent TS implementation | F13: Fallback strategy + limits | G13: Quality comparison complete | H13: Not Started
A14: M5 | B14: Embeddings | C14: Cloud embeddings | D14: Provider SDK | E14: Node provider SDK | F14: Provider abstraction, rate limits | G14: Common embedding interface | H14: Not Started
... A47: M26 | B47: Agentic Evolution | C47: RAG + agents | D47: Tool-aware RAG | E47: MCP/A2A-ready orchestration | F47: Guarded actions + human approval | G47: Agentic RAG demo | H47: Not Started

Sheet Architecture Coverage
A1: Coverage Against Supplied RAG Architecture
A3: Architecture Area | B3: Diagram Step | C3: What We Implement | D3: Minimum Demos | E3: Advanced Evolution | F3: Primary Language | G3: Status
A4: Ingestion & Indexing | B4: 1. Data Sources | C4: Files + web pages; normalized source model | D4: 2 | E4: DB, API, email, knowledge bases | F4: Python | G4: Not Started
A5: Ingestion & Indexing | B5: 2. Connectors | C5: File + web connectors | D5: 2 | E5: Connector registry + async ingestion | F5: Python | G5: Not Started
A6: Ingestion & Indexing | B6: 3. Parsing & Extraction | C6: PDF/DOCX/TXT + HTML extraction | D6: 2 | E6: OCR, tables, metadata, language | F6: Python | G6: Not Started
A7: Ingestion & Indexing | B7: 4. Chunking | C7: Recursive/fixed + semantic | D7: 2 | E7: Parent-child, structure-aware | F7: Python | G7: Not Started
A8: Ingestion & Indexing | B8: 5. Embedding Generation | C8: Cloud + local embeddings | D8: 2 | E8: Model routing/versioning | F8: Python | G8: Not Started
A9: Ingestion & Indexing | B9: 6. Indexing | C9: Vector + keyword/BM25 | D9: 2 | E9: Distributed vector DB, index versioning | F9: Python | G9: Not Started
A10: Retrieval & Generation | B10: 1. User Query | C10: Validated API/query contract | D10: 2 | E10: Multi-tenant API | F10: Python + TS | G10: Not Started
A11: Retrieval & Generation | B11: 2. Query Understanding | C11: Preprocessing + rewriting | D11: 2 | E11: Intent routing, multi-query, HyDE | F11: Python | G11: Not Started
A12: Retrieval & Generation | B12: 3. Retrieval (Hybrid) | C12: Vector + keyword + fusion | D12: 2 | E12: Filters, query routing, hybrid tuning | F12: Python | G12: Not Started
A13: Retrieval & Generation | B13: 4. Reranking | C13: Cross-encoder + LLM reranking | D13: 2 | E13: Adaptive reranking | F13: Python | G13: Not Started
A14: Retrieval & Generation | B14: 5. Context Assembly | C14: Prompt + top-K + token budget | D14: 2 | E14: Context compression / packing | F14: Python + TS | G14: Not Started
... A22: Cross-Cutting | B22: Observability | C22: Tracing, logs, metrics, cost, alerts | D22: 2+ | E22: SLOs + distributed tracing | F22: Python + TS | G22: Not Started

Sheet Technology Plan
A1: Technology Plan — Deliberate Use of Python + TypeScript
A3: Layer | B3: Python Choice | C3: TypeScript Choice | D3: Initial Recommendation | E3: Why | F3: Status
A4: Core language | B4: Python 3.x + typing | C4: TypeScript + Node.js | D4: Python first | E4: Best ecosystem for document/NLP/RAG experimentation | F4: Planned
A5: API | B5: FastAPI | C5: NestJS/Express/Fastify-style | D5: Both | E5: Compare AI service vs application service patterns | F5: Planned
A6: Parsing | B6: Python document ecosystem | C6: Node parsers/fetch | D6: Python | E6: Broader document processing ecosystem | F6: Planned
A7: Embeddings | B7: Provider SDK + local models | C7: Provider SDK | D7: Python | E7: Best for model experimentation | F7: Planned
A8: Vector store | B8: pgvector/Qdrant-compatible | C8: Same DB client | D8: Both | E8: Same retrieval concepts, different client layers | F8: Planned
A9: Keyword search | B9: BM25 / PostgreSQL FTS | C9: PostgreSQL FTS | D9: Both | E9: Hybrid retrieval needs both signals | F9: Planned
A10: LLM | B10: Provider SDK / abstraction | C10: Provider SDK / abstraction | D10: Both | E10: Provider-neutral generation contract | F10: Planned
A11: Evaluation | B11: Python eval tooling | C11: TS evaluation service | D11: Python | E11: Rich experimentation and analysis | F11: Planned
A12: Observability | B12: OpenTelemetry | C12: OpenTelemetry | D12: Both | E12: Same cross-language telemetry model | F12: Planned
A13: Deployment | B13: Docker | C13: Docker | D13: Both | E13: Production parity | F13: Planned

Sheet Progress Dashboard
A1: RAG Project Progress Dashboard
A3: Tracking model | B3: Update Status + Progress % in Master Checklist; dashboard formulas update automatically.
A5: Area | B5: Milestones | C5: Completed | D5: In Progress | E5: Blocked | F5: Average Progress
A6: Foundation | B6: =COUNTIF('Master Checklist'!B:B,"Foundation") | C6: =COUNTIFS('Master Checklist'!B:B,"Foundation",'Master Checklist'!G:G,"Complete") | D6: =COUNTIFS('Master Checklist'!B:B,"Foundation",'Master Checklist'!G:G,"In Progress") | E6: =COUNTIFS('Master Checklist'!B:B,"Foundation",'Master Checklist'!G:G,"Blocked") | F6: =IFERROR(AVERAGEIF('Master Checklist'!B:B,"Foundation",'Master Checklist'!H:H),0)
A7: Ingestion & Indexing | B7: =COUNTIF('Master Checklist'!B:B,"Ingestion & Indexing") | C7: =COUNTIFS('Master Checklist'!B:B,"Ingestion & Indexing",'Master Checklist'!G:G,"Complete") | D7: =COUNTIFS('Master Checklist'!B:B,"Ingestion & Indexing",'Master Checklist'!G:G,"In Progress") | E7: =COUNTIFS('Master Checklist'!B:B,"Ingestion & Indexing",'Master Checklist'!G:G,"Blocked") | F7: =IFERROR(AVERAGEIF('Master Checklist'!B:B,"Ingestion & Indexing",'Master Checklist'!H:H),0)
A8: Retrieval & Generation | B8: =COUNTIF('Master Checklist'!B:B,"Retrieval & Generation") | C8: =COUNTIFS('Master Checklist'!B:B,"Retrieval & Generation",'Master Checklist'!G:G,"Complete") | D8: =COUNTIFS('Master Checklist'!B:B,"Retrieval & Generation",'Master Checklist'!G:G,"In Progress") | E8: =COUNTIFS('Master Checklist'!B:B,"Retrieval & Generation",'Master Checklist'!G:G,"Blocked") | F8: =IFERROR(AVERAGEIF('Master Checklist'!B:B,"Retrieval & Generation",'Master Checklist'!H:H),0)
A9: Feedback & Improvement | B9: =COUNTIF('Master Checklist'!B:B,"Feedback & Improvement") | C9: =COUNTIFS('Master Checklist'!B:B,"Feedback & Improvement",'Master Checklist'!G:G,"Complete") | D9: =COUNTIFS('Master Checklist'!B:B,"Feedback & Improvement",'Master Checklist'!G:G,"In Progress") | E9: =COUNTIFS('Master Checklist'!B:B,"Feedback & Improvement",'Master Checklist'!G:G,"Blocked") | F9: =IFERROR(AVERAGEIF('Master Checklist'!B:B,"Feedback & Improvement",'Master Checklist'!H:H),0)
A10: Production Engineering | B10: =COUNTIF('Master Checklist'!B:B,"Production Engineering") | C10: =COUNTIFS('Master Checklist'!B:B,"Production Engineering",'Master Checklist'!G:G,"Complete") | D10: =COUNTIFS('Master Checklist'!B:B,"Production Engineering",'Master Checklist'!G:G,"In Progress") | E10: =COUNTIFS('Master Checklist'!B:B,"Production Engineering",'Master Checklist'!G:G,"Blocked") | F10: =IFERROR(AVERAGEIF('Master Checklist'!B:B,"Production Engineering",'Master Checklist'!H:H),0)
A11: Enterprise RAG | B11: =COUNTIF('Master Checklist'!B:B,"Enterprise RAG") | C11: =COUNTIFS('Master Checklist'!B:B,"Enterprise RAG",'Master Checklist'!G:G,"Complete") | D11: =COUNTIFS('Master Checklist'!B:B,"Enterprise RAG",'Master Checklist'!G:G,"In Progress") | E11: =COUNTIFS('Master Checklist'!B:B,"Enterprise RAG",'Master Checklist'!G:G,"Blocked") | F11: =IFERROR(AVERAGEIF('Master Checklist'!B:B,"Enterprise RAG",'Master Checklist'!H:H),0)
A12: Advanced RAG | B12: =COUNTIF('Master Checklist'!B:B,"Advanced RAG") | C12: =COUNTIFS('Master Checklist'!B:B,"Advanced RAG",'Master Checklist'!G:G,"Complete") | D12: =COUNTIFS('Master Checklist'!B:B,"Advanced RAG",'Master Checklist'!G:G,"In Progress") | E12: =COUNTIFS('Master Checklist'!B:B,"Advanced RAG",'Master Checklist'!G:G,"Blocked") | F12: =IFERROR(AVERAGEIF('Master Checklist'!B:B,"Advanced RAG",'Master Checklist'!H:H),0)
A13: Agentic Evolution | B13: =COUNTIF('Master Checklist'!B:B,"Agentic Evolution") | C13: =COUNTIFS('Master Checklist'!B:B,"Agentic Evolution",'Master Checklist'!G:G,"Complete") | D13: =COUNTIFS('Master Checklist'!B:B,"Agentic Evolution",'Master Checklist'!G:G,"In Progress") | E13: =COUNTIFS('Master Checklist'!B:B,"Agentic Evolution",'Master Checklist'!G:G,"Blocked") | F13: =IFERROR(AVERAGEIF('Master Checklist'!B:B,"Agentic Evolution",'Master Checklist'!H:H),0)
A15: Overall | B15: =COUNTA('Master Checklist'!A5:A31) | C15: =COUNTIF('Master Checklist'!G5:G31,"Complete") | D15: =COUNTIF('Master Checklist'!G5:G31,"In Progress") | E15: =COUNTIF('Master Checklist'!G5:G31,"Blocked") | F15: =AVERAGE('Master Checklist'!H5:H31)

Sheet Project Principles
A1: Project Engineering Principles
A3: # | B3: Principle | C3: How we will apply it
A4: 1 | B4: Production quality from the beginning | C4: No throwaway code: typed contracts, modular design, tests, logging, configuration, error handling and documentation are introduced from the first milestone.
A5: 2 | B5: Understand before abstracting | C5: Implement important RAG mechanics directly before relying heavily on frameworks such as LangChain/LlamaIndex.
A6: 3 | B6: Two implementations per major concept | C6: Use two concrete approaches wherever practical so trade-offs become explicit rather than theoretical.
A7: 4 | B7: Python + TypeScript intentionally | C7: Python is primary for document/NLP/RAG experimentation; TypeScript is primary where application/API/streaming/agent integration is advantageous.
A8: 5 | B8: Measure everything important | C8: Latency, cost, retrieval quality, answer quality, failure rate and throughput become first-class engineering signals.
A9: 6 | B9: Security is not an afterthought | C9: Tenant isolation, authorization, prompt-injection defense, PII controls and secrets management are designed into the architecture.
A10: 7 | B10: Every milestone has an exit criterion | C10: We don't move forward merely because code runs; the milestone must be testable and demonstrably complete.
A11: 8 | B11: Evolve the same system | C11: The project starts as a small RAG application and evolves into an enterprise-grade RAG platform rather than becoming disconnected demos.
